id,product_sync_code,product_group,product_code,sku,msku,active,link
1,Linksys MR8300,LINKSYS,LINKSYS-MR8300,,,1,https://tiki.vn/linksys-mr8300-mesh-wifi-router-ac2200-mu-mimo-hang-chinh-hang-p23083200.html
2,Linksys RE7000,LINKSYS,LINKSYS-RE7000,9.78841E+12,8.86722E+12,1,https://tiki.vn/router-wifi-linksys-re7000w-ac1900-phat-song-bang-tan-kep-p10414694.html
3,Linksys RE7000,LINKSYS,LINKSYS-RE7000,1.11736E+12,8.86722E+12,1,https://tiki.vn/router-wifi-linksys-re7000w-ac1900-phat-song-bang-tan-kep-p10414694.html
4,Linksys LAPAC1750-AP,LINKSYS,LINKSYS-LAPAC1750-AP,1.20552E+12,7.50404E+12,1,https://tiki.vn/linksys-lapac1750-access-point-chuan-ac-hang-chinh-hang-p562876.html
5,Linksys LAPAC1200C-AP,LINKSYS,LINKSYS-LAPAC1200C-AP,7.90044E+12,7.50716E+12,1,https://tiki.vn/linksys-lapac1200-access-point-chuan-ac-p562861.html
6,Linksys LAPN600-AP,LINKSYS,LINKSYS-LAPN600-AP,2.51436E+12,7.5077E+12,1,https://tiki.vn/linksys-lapn600-access-point-chuan-n-p562843.html
7,Linksys LAPN300-AP,LINKSYS,LINKSYS-LAPN300-AP,6.0925E+12,7.50952E+12,1,https://tiki.vn/linksys-lapn300-access-point-chuan-n-hang-chinh-hang-p562815.html
8,Linksys LACXGLR,LINKSYS,LINKSYS-LACXGLR,7.67485E+12,7.504E+12,1,https://tiki.vn/linksys-lacxglr-sfp-sfp-transceiver-module-p563060.html
9,Linksys LACXGSR,LINKSYS,LINKSYS-LACXGSR,6.26911E+12,7.5048E+12,1,https://tiki.vn/linksys-lacxgsr-sfp-sfp-transceiver-module-p563048.html
10,Linksys LACGLX,LINKSYS,LINKSYS-LACGLX,9.29934E+12,7.50061E+12,1,https://tiki.vn/linksys-lacglx-sfp-sfp-transceiver-module-p563026.html
11,Linksys LACGSX,LINKSYS,LINKSYS-LACGSX,5.3056E+12,7.5011E+12,1,https://tiki.vn/linksys-lacgsx-sfp-sfp-transceiver-module-p563001.html
12,Linksys LRT224-AP,LINKSYS,LINKSYS-LRT224-AP,1.26504E+12,7.50889E+12,1,https://tiki.vn/linksys-lrt224-vpn-router-p562926.html
13,Linksys LGS552P-AP,LINKSYS,LINKSYS-LGS552P-AP,9.42083E+12,7.50902E+12,1,https://tiki.vn/linksys-lgs552p-managed-gigabit-switches-poe-p562749.html
14,Linksys LGS528P-AP,LINKSYS,LINKSYS-LGS528P-AP,6.53517E+12,7.5045E+12,1,https://tiki.vn/linksys-lgs528p-managed-gigabit-switches-poe-p562702.html
15,Linksys LGS552-AP,LINKSYS,LINKSYS-LGS552-AP,7.0603E+12,7.50744E+12,1,https://tiki.vn/linksys-lgs552-managed-gigabit-switches-p562713.html
16,Linksys LGS528-AP,LINKSYS,LINKSYS-LGS528-AP,9.797E+12,7.50462E+12,1,https://tiki.vn/linksys-lgs528-managed-gigabit-switches-p562493.html
17,Linksys LGS326P-AP,LINKSYS,LINKSYS-LGS326P-AP,2.45482E+12,7.50718E+12,1,https://tiki.vn/linksys-lgs326p-smart-gigabit-poe-p562492.html
18,Linksys LGS318P-AP,LINKSYS,LINKSYS-LGS318P-AP,5.41096E+12,7.50263E+12,1,https://tiki.vn/linksys-lgs318p-smart-gigabit-poe-p562490.html
19,Linksys LGS308P-AP,LINKSYS,LINKSYS-LGS308P-AP,4.8771E+12,7.50514E+12,1,https://tiki.vn/linksys-lgs308p-smart-gigabit-poe-p562488.html
20,Linksys LGS326-AP,LINKSYS,LINKSYS-LGS326-AP,4.99417E+12,7.50894E+12,1,https://tiki.vn/linksys-lgs326-smart-gigabit-p562491.html
21,Linksys LGS318-AP,LINKSYS,LINKSYS-LGS318-AP,5.87537E+12,7.50378E+12,1,https://tiki.vn/linksys-lgs318-smart-gigabit-p562489.html
22,Linksys LGS318-AP,LINKSYS,LINKSYS-LGS318-AP,7.64978E+12,1.95529E+12,1,https://tiki.vn/thiet-bi-mang-linksys-lgs318-p1831735.html
23,Linksys LGS308-AP,LINKSYS,LINKSYS-LGS308-AP,5.02495E+12,1.53119E+12,1,https://tiki.vn/thiet-bi-mang-linksys-lgs308-p1831723.html
24,Linksys LGS124P-AP,LINKSYS,LINKSYS-LGS124P-AP,8.45444E+12,7.50447E+12,1,https://tiki.vn/linksys-lgs124p-unmanaged-switch-poe-p562486.html
25,Linksys LGS116P-AP,LINKSYS,LINKSYS-LGS116P-AP,7.03795E+12,7.50589E+12,1,https://tiki.vn/linksys-lgs116p-unmanaged-switch-poe-p562474.html
26,Linksys LGS108P-AP,LINKSYS,LINKSYS-LGS108P-AP,1.90387E+12,7.50725E+12,1,https://tiki.vn/linksys-lgs108p-unmanaged-switch-poe-p562408.html
27,Linksys LGS124-AP,LINKSYS,LINKSYS-LGS124-AP,5.29087E+12,7.50532E+12,1,https://tiki.vn/linksys-lgs124-unmanaged-switch-p562485.html
28,Linksys LGS116-AP,LINKSYS,LINKSYS-LGS116-AP,2.18082E+12,7.50354E+12,1,https://tiki.vn/linksys-lgs116-unmanaged-switch-p562423.html
29,Linksys LGS108-AP,LINKSYS,LINKSYS-LGS108-AP,7.69367E+12,7.50872E+12,1,https://tiki.vn/linksys-lgs108-unmanaged-switch-p562364.html
30,Linksys LGS105-AP,LINKSYS,LINKSYS-LGS105-AP,2.34743E+12,7.50732E+12,1,https://tiki.vn/linksys-lgs105-unmanaged-switch-p562293.html
31,Linksys RE6500HG-AP,LINKSYS,LINKSYS-RE6500HG-AP,6.84447E+12,7.50931E+12,1,https://tiki.vn/bo-kich-song-wifi-repeater-bang-tang-kep-ac1200-linksys-re6500hg-hang-chinh-hang-p464804.html
32,Linksys RE4100W-AG,LINKSYS,LINKSYS-RE4100W-AG,9.48271E+12,7.50055E+12,1,https://tiki.vn/bo-kich-song-wifi-repeater-n600-linksys-re4100w-hang-chinh-hang-p555512.html
33,Linksys RE3000W-AG,LINKSYS,LINKSYS-RE3000W-AG,2.77912E+12,7.5081E+12,1,https://tiki.vn/bo-kich-song-wifi-repeater-n300-linksys-re3000w-hang-chinh-hang-p464802.html
34,Linksys WHW0303,LINKSYS,LINKSYS-WHW0303,7.97237E+12,1.1504E+12,1,https://tiki.vn/linksys-velop-intelligent-mesh-wifi-system-ac6600-mu-mimo-3-pack-whw0303-ah-hang-chinh-hang-p5045883.html
35,Linksys WHW0302,LINKSYS,LINKSYS-WHW0302,6.97531E+12,4.32216E+12,1,https://tiki.vn/linksys-velop-intelligent-mesh-wifi-system-ac4400-mu-mimo-2-pack-whw0302-ah-hang-chinh-hang-p5045191.html
36,Linksys WHW0301,LINKSYS,LINKSYS-WHW0301,2.78282E+12,9.91052E+12,1,https://tiki.vn/linksys-velop-intelligent-mesh-wifi-system-ac2200-mu-mimo-1-pack-whw0301-ah-hang-chinh-hang-p5041587.html
37,Linksys WHW0103-AH,LINKSYS,LINKSYS-WHW0103-AH,8.50396E+12,8.54611E+12,1,https://tiki.vn/linksys-velop-intelligent-mesh-wifi-system-ac3900-mu-mimo-3-pack-whw0103-ah-hang-chinh-hang-p5050111.html
38,Linksys WHW0102-AH,LINKSYS,LINKSYS-WHW0102-AH,2.5172E+12,6.03285E+12,1,https://tiki.vn/linksys-velop-intelligent-mesh-wifi-system-ac2600-mu-mimo-2-pack-whw0102-ah-hang-chinh-hang-p5049555.html
39,Linksys WHW0101-AH,LINKSYS,LINKSYS-WHW0101-AH,6.00654E+12,7.15734E+12,1,https://tiki.vn/linksys-velop-intelligent-mesh-wifi-system-ac1300-mu-mimo-1-pack-whw0101-ah-hang-chinh-hang-p5047629.html
40,Linksys WRT1900ACS,LINKSYS,LINKSYS-WRT1900ACS,5.90243E+12,7.50552E+12,1,https://tiki.vn/router-wifi-bang-tang-kep-linksys-wrt1900acs-hang-chinh-hang-p686533.html
41,Linksys EA9500-AH,LINKSYS,LINKSYS-EA9500-AH,3.55766E+12,7.5077E+12,1,https://tiki.vn/linksys-ea9500-router-wifi-bang-tang-kep-ac5400-mu-mimo-hang-chinh-hang-p555488.html
42,Linksys EA9300,LINKSYS,LINKSYS-EA9300,7.50153E+12,1.98539E+12,1,https://tiki.vn/router-wifi-linksys-ea9300-tri-band-ac-4000mbps-den-hang-chinh-hang-p1210093.html
43,Linksys EA8500-AH,LINKSYS,LINKSYS-EA8500-AH,2.12721E+12,7.50247E+12,1,https://tiki.vn/linksys-ea8500-router-wifi-chuan-ac-2600mbps-hang-chinh-hang-p464807.html
44,Linksys EA8300,LINKSYS,LINKSYS-EA8300,7.26515E+12,2.57681E+12,1,https://tiki.vn/router-wifi-tri-band-linksys-ea8300-ac2200-hang-chinh-hang-p1275017.html
45,Linksys EA7500-AH,LINKSYS,LINKSYS-EA7500-AH,6.05687E+12,7.50285E+12,1,https://tiki.vn/linksys-ea7500-router-wifi-bang-tang-kep-ac1900-mu-mimo-hang-chinh-hang-p555451.html
46,Linksys EA6350-AP,LINKSYS,LINKSYS-EA6350-AP,1.2271E+12,7.50917E+12,1,https://tiki.vn/linksys-ea6350-router-wifi-chuan-ac-1167mbps-hang-chinh-hang-p464591.html
47,Linksys EA2750-AP,LINKSYS,LINKSYS-EA2750-AP,4.29028E+12,7.50909E+12,1,https://tiki.vn/linksys-ea2750-router-wifi-chuan-n-600mbps-hang-chinh-hang-p464587.html
48,Linksys E2500-AP,LINKSYS,LINKSYS-E2500-AP,5.38441E+12,7.50332E+12,1,https://tiki.vn/linksys-e2500-router-wifi-chuan-n-600mbps-hang-chinh-hang-p547926.html
49,Linksys E1700-AP,LINKSYS,LINKSYS-E1700-AP,5.41144E+12,7.50249E+12,1,https://tiki.vn/linksys-e1700-router-wifi-chuan-n-300mbps-hang-chinh-hang-p464565.html
50,Linksys E1200-AP,LINKSYS,E1200-AP,7.03791E+12,7.50122E+12,1,https://tiki.vn/linksys-e1200-router-wifi-chuan-n-300mbps-hang-chinh-hang-p464563.html
51,Ezviz CS-C1C 1080P,EZVIZ,EZVIZ-CS-C1C-1080P,4.93042E+12,5.04944E+12,1,https://tiki.vn/camera-wifi-ip-ezviz-c1c-cs-c1c-d0-1d2wfr-1080p-full-hd-hang-chinh-hang-p19763768.html
52,Ezviz CS-C1C 720P,EZVIZ,EZVIZ-CS-C1C-720P-1,4.28828E+12,4.77072E+12,1,https://tiki.vn/camera-ezviz-cs-c1c-1d1wfr-720p-hang-chinh-hang-p15867772.html
53,Ezviz CS-C1C 720P,EZVIZ,EZVIZ-CS-C1C-720P,2.74004E+12,5.46878E+12,1,https://tiki.vn/camera-ip-wifi-ezviz-cs-c1c-d0-1d1wfr-720p-hang-chinh-hang-p19763559.html
54,Ezviz CS-CV246 1080P,EZVIZ,EZVIZ_CV246_1080P,2.89392E+12,7.01671E+12,1,https://tiki.vn/camera-ip-wifi-ezviz-cs-cv246-1080p-hang-chinh-hang-p4820985.html
55,Ezviz CS-CV246 1080P,EZVIZ,EZVIZ_CV246-720P_32GB_HIK,9.73643E+12,9.97362E+12,1,https://tiki.vn/camera-wifi-ky-thuat-so-ezviz-cs-cv246-tang-kem-the-nho-32gb-hikvision-hang-chinh-hang-p11866615.html
56,TF Ezviz 32GB,EZVIZ,TF-EZVIZ-32GB,9.79632E+12,8.59666E+12,1,https://tiki.vn/the-nho-micro-sd-32gb-class-10-chuyen-dung-cho-camera-giam-sat-ezviz-hang-chinh-hang-p14262189.html
57,Ezviz CS-CV310 1080P,EZVIZ,EZVIZ_CV310_32GB,1.80572E+12,5.52761E+12,1,https://tiki.vn/camera-ip-wifi-ngoai-troi-ezviz-c3w-1080p-cs-cv310-tang-the-nho-ezviz-32gb-p6885293.html
58,Ezviz CS-CV246 1080P,EZVIZ,EZVIZ_C6C_CS_CV246,2.06016E+12,4.91107E+12,1,https://tiki.vn/camera-ezviz-c6c-cs-cv246-ez360-1080p-p5812505.html?spid=12674925
59,Ezviz CS-CV246 720P,EZVIZ,EZVIZ_CV246_720P,5.48171E+12,7.02068E+12,1,https://tiki.vn/camera-ip-wifi-ezviz-c6cn-720p-cs-cv246-b0-1c1wfr-p10062880.html?spid=12674884
60,Ezviz CS-CV206 720P,EZVIZ,,8.9513E+12,9.38528E+12,1,https://tiki.vn/camera-ip-wifi-ezviz-ecs-cv206-p2994789.html?spid=12234608
61,Ezviz CS-CV246 720P,EZVIZ,EZVIZ-CV-CV246-720,8.60196E+12,5.43657E+12,1,https://tiki.vn/camera-ip-wifi-ezviz-cs-cv246-hang-chinh-hang-p4820975.html?spid=12233272
62,Ezviz CS-CV346-A0-7A3WFR,EZVIZ,EZVIZ-CS-CV346-A0-7A3WFR,2.47984E+12,3.21995E+12,1,https://tiki.vn/camera-ip-wifi-mat-ca-360-ezviz-cs-cv346-a0-7a3wfr-hang-phan-phoi-chinh-thuc-p10001508.html?spid=10001509
63,Ezviz CS-X5C-4APEC,EZVIZ,EZVIZ-CS-X5C-4APEC,2.78747E+12,4.82824E+12,1,https://tiki.vn/dau-ghi-hinh-ip-wifi-4-kenh-ezviz-cs-x5c-4apec-p10001123.html?spid=10001124
64,Ezviz CS-CV310 720P,EZVIZ,EZVIZ-CS-CV310,4.34411E+12,4.75564E+12,1,https://tiki.vn/camera-ip-wifi-ngoai-troi-ezviz-cs-cv310-720p-hang-phan-phoi-chinh-thuc-p10001012.html?spid=10001013
65,Ezviz CS-CV310 1080P,EZVIZ,EZVIZCS-CV310-1080P,9.35695E+12,6.5931E+12,1,https://tiki.vn/camera-ip-wifi-ngoai-troi-ezviz-cs-cv310-1080p-hang-phan-phoi-chinh-thuc-p10000738.html?spid=10000739
66,Yoosee 1080P 3 Anten,YOOSEE,YOOSEE-1080P-3ANTEN,5.99169E+12,2.38488E+12,1,https://tiki.vn/camera-ip-wifi-yoosee-full-hd-1080p-3-rau-hang-nhap-khau-p15348075.html
67,Yoosee IPC-K1 1.0 (Go),YOOSEE,IPC-K1-G,8.47002E+12,3.78321E+12,1,https://tiki.vn/camera-quan-sat-yoosee-ipc-k1-hang-nhap-khau-p15265699.html
68,Yoosee 720P 3 anten,YOOSEE,YOOSEE_720P_3RAU,7.67063E+12,8.79572E+12,1,https://tiki.vn/camera-giam-sat-ip-yoosee-3-rau-p9839803.html?spid=12674663
69,Yoosee 1080P 2 anten,YOOSEE,YOOSEE-2.0,9.99706E+12,5.67408E+12,1,https://tiki.vn/camera-ip-wifi-yoosee-full-hd-1080p-p11370765.html
70,Yoosee 720P 2 anten,YOOSEE,YOOSEE-1.0,6.94832E+12,4.33173E+12,1,https://tiki.vn/camera-ip-yoosee-hd-720p-p11370697.html
71,Yoosee VS100,YOOSEE,YOOSEE-V103,1.02884E+12,2.1175E+12,1,https://tiki.vn/camera-ip-wifi-yoosee-720p-v103-p9793024.html?spid=9793025
72,Yoosee VS100,YOOSEE,YOOSEE-V102,1.43162E+12,9.53817E+12,1,https://tiki.vn/camera-ip-wifi-yoosee-720p-v102-p9792873.html?spid=9792874
73,Yoosee 720P 2 anten,YOOSEE,,1.88245E+12,8.06966E+12,1,https://tiki.vn/camera-ip-wifi-yoosee-720p-z06h-p9792846.html?spid=9792847
74,Netcam B3L 3.0 (W),NETCAM,NETCAM-B3L,4.48561E+12,4.90727E+12,1,https://tiki.vn/camera-bong-den-quay-toan-canh-360-do-netcam-b3l-3-0-mp-hang-chinh-hang-p15321538.html
75,Netcam B2L 2.0 (W),NETCAM,NETCAM-B2L,3.879E+12,8.47322E+12,1,https://tiki.vn/camera-bong-den-quay-toan-canh-360-do-netcam-b2l-2-0-mp-hang-chinh-hang-p10208991.html
76,Netcam B13L 1.3 (W),NETCAM,NETCAM-B13L,2.50282E+12,7.41325E+12,1,https://tiki.vn/camera-bong-den-quay-toan-canh-360-do-netcam-b2l-2-0-mp-hang-chinh-hang-p10208991.html
77,Netcam IPC-W4A (W),NETCAM,NETCAM-IPC-W4A-W,9.8939E+12,2.30059E+12,1,https://tiki.vn/camera-ip-quan-sat-yoosee-ipc-w4a-trang-hang-phan-phoi-chinh-thuc-p15261187.html
78,Netcam AT2.0 Plus (W),NETCAM,NETCAM-AT2.0-PLUS-W,9.15003E+12,8.78372E+12,1,https://tiki.vn/camera-giam-sat-ip-wifi-ngoai-troi-netcam-at-2-0-plus-app-yoosee-hang-phan-phoi-chinh-thuc-p11299385.html
79,Netcam AT1.3 (W),NETCAM,NETCAM-AT1.3-W,6.98865E+12,4.78123E+12,1,https://tiki.vn/camera-giam-sat-ip-wifi-ngoai-troi-netcam-at-1-3-app-yoosee-hang-phan-phoi-chinh-thuc-p10206917.html
80,Netcam AT1.0 (W),NETCAM,NETCAM-AT1.0-W,4.88469E+12,3.63474E+12,1,https://tiki.vn/camera-giam-sat-ip-wifi-ngoai-troi-netcam-at1-0-hang-phan-phoi-chinh-thuc-p11296481.html
81,Netcam NC-109IP 1.3,NETCAM,2-NC-109IP,8.39088E+12,4.23612E+12,1,https://tiki.vn/bo-2-camera-ip-giam-sat-hong-ngoai-netcam-nc-109ip-1-3-p10275641.html?spid=10275642
82,Netcam NC-208AHD 1.0,NETCAM,NETCAM-NC-208AHD-1.0,2.15259E+12,4.70225E+12,1,https://tiki.vn/camera-wifi-giam-sat-netcam-nc-208ahd-1-0-mp-hang-phan-phoi-chinh-thuc-p10207792.html?spid=10207793
83,Netcam X890 (X8900-MH36),NETCAM,NETCAM-X890,9.03326E+12,2.12815E+12,1,https://tiki.vn/camera-quan-sat-ip-wi-fi-ngoai-troi-netcam-x890-720p-1-0mp-hang-phan-phoi-chinh-thuc-p10207473.html?spid=10207474
84,Netcam BX01 1.0 (W),NETCAM,NETCAM-BX01-1.0-W,8.71372E+12,7.51129E+12,1,https://tiki.vn/camera-ip-wifi-netcam-bx01-720p-hang-phan-phoi-chinh-thuc-p10207198.html?spid=10207199
85,Netcam M1-IP 1.0 (W),NETCAM,NETCAM-M1-IP-1.0,2.93052E+12,4.99447E+12,1,https://tiki.vn/camera-ip-giam-sat-ngay-dem-netcam-m1-ip1-0-hang-phan-phoi-chinh-thuc-p10207163.html?spid=10207164
86,Netcam R01 1.0 (W),NETCAM,NETCAM-R01-W,4.33508E+12,1.47573E+12,1,https://tiki.vn/camera-ip-wifi-giam-sat-va-bao-dong-netcam-r01-720p-p10206929.html?spid=10206930
87,Netcam R02 2.0 (W),NETCAM,NETCAM-R02-W,9.98232E+12,5.12641E+12,1,https://tiki.vn/camera-ip-wifi-giam-sat-va-bao-dong-netcam-r02-1080p-hang-phan-phoi-chinh-thuc-p10206750.html?spid=10206751
88,Netcam VH04,NETCAM,NETCAM-VH04,7.33161E+12,1.18747E+12,1,https://tiki.vn/camera-quay-toan-canh-360-do-netcam-panorama-vh04-fullhd-1080p-2-0mp-hang-phan-phoi-chinh-thuc-p10206715.html?spid=10206716
89,Netcam VH01,NETCAM,NETCAM-VH01,7.46892E+12,2.51058E+12,1,https://tiki.vn/camera-quay-toan-canh-360-do-netcam-panorama-vh01-fullhd-1080p-2-0mp-hang-phan-phoi-chinh-thuc-p10206434.html?spid=10206435
90,Qihoo D688 (W),QIHOO,QIHOO-D688-02,7.1431E+12,9.75885E+12,1,https://tiki.vn/camera-quan-sat-qihoo-d688-02-full-hd-1080p-gan-tran-180-do-hang-chinh-hang-p22142785.html
91,Qihoo D603 (W),QIHOO,QIHOO_360_D603_PLUS,1.23429E+12,3.02987E+12,1,https://tiki.vn/camera-quan-sat-qihoo-360-d603-plus-hd-720p-p745650.html?spid=12675014
92,Qihoo G300 (B),QIHOO,QIHOO_G300,9.4868E+12,4.39058E+12,1,https://tiki.vn/camera-hanh-trinh-qihoo-360-dash-cam-g300-full-hd-hang-chinh-hang-p10153290.html
93,Qihoo J511C (B),QIHOO,QIHOO-J511C-B,8.84276E+12,6.44041E+12,1,https://tiki.vn/camera-hanh-trinh-360-qihoo-gj511c-kem-the-nho-16gb-hang-phan-phoi-chinh-thuc-p10011782.html?spid=10011783
94,Qihoo D621 (W),QIHOO,QIHOO-D621,2.27804E+12,5.6733E+12,1,https://tiki.vn/camera-ip-wifi-360-qihoo-d621-2mp-hang-phan-phoi-chinh-thuc-p10010413.html?spid=10010414
95,Qihoo G300 (B),QIHOO,QIHOO-G300-B,1.81834E+12,8.07286E+12,1,https://tiki.vn/camera-hanh-trinh-360-qihoo-g300-p10010127.html?spid=10010128
96,Qihoo D706 (W),QIHOO,QIHOO-D706,2.94345E+12,7.13237E+12,1,https://tiki.vn/camera-ip-wifi-360-qihoo-d706-2mp-hang-phan-phoi-chinh-thuc-p10010100.html?spid=10010101
97,Qihoo Cloud-30,QIHOO,QIHOO-CLOUD-30,8.30083E+12,9.35642E+12,1,https://tiki.vn/the-cloud-cho-camera-qihoo-luu-30-ngay-su-dung-12-thang-p10009409.html?spid=10009410
98,Qihoo D606 (W),QIHOO,QIHOO-D606,1.49274E+12,1.80503E+12,1,https://tiki.vn/camera-ip-wifi-360-qihoo-d606-2mp-hang-phan-phoi-chinh-thuc-p10009396.html?spid=10009397
99,Qihoo Cloud-7,QIHOO,QIHOO-CLOUD-7,5.41306E+12,5.79846E+12,1,https://tiki.vn/the-cloud-cho-camera-qihoo-luu-7-ngay-su-dung-12-thang-p10009120.html?spid=10009121
100,Qihoo D603 (W),QIHOO,QIHOO-D603,6.70455E+12,8.27822E+12,1,https://tiki.vn/camera-ip-wifi-360-qihoo-d603-1mp-hang-phan-phoi-chinh-thuc-p10008700.html?spid=10008701
101,Orico 2588US3 (S),Orico,ORICO-2588US3-S,8.88182E+12,3.36636E+12,1,https://tiki.vn/hop-dung-o-cung-di-dong-hdd-box-orico-usb3-0-2-5-2588us3-nhua-cung-hang-chinh-hang-p311788.html
102,Orico 2588US3 (Bl),Orico,ORICO-2588US3-BL,2.26087E+12,3.36378E+12,1,https://tiki.vn/hop-dung-o-cung-di-dong-hdd-box-orico-usb3-0-2-5-2588us3-nhua-cung-hang-chinh-hang-p311788.html
103,Orico UTS-12 (B),Orico,ORICO-UTS-12-B,2.78343E+12,8.11864E+12,1,https://tiki.vn/day-cap-du-sac-dien-thoai-3-dau-lightning-micro-usb-type-c-orico-uts-12-bk-den-hang-chinh-hang-p6619187.html?spid=6619199
104,Orico UTS-12 (R),Orico,ORICO-UTS-12-R,8.15101E+12,4.2164E+12,1,https://tiki.vn/day-cap-du-sac-dien-thoai-3-dau-lightning-micro-usb-type-c-orico-uts-12-bk-den-hang-chinh-hang-p6619187.html?spid=6619191
105,Orico EDC-10 (W),Orico,ORICO-EDC-10,3.56039E+12,2.79795E+12,1,https://tiki.vn/cap-sac-dien-thoai-android-usb-2-0-orico-edc-10-1m-hang-chinh-hang-p9953490.html
106,Orico SA2011.GY (B),Orico,ORICO-SA2011.GY,4.45831E+12,2.72442E+12,1,https://tiki.vn/tui-bao-ve-dien-thoai-phu-kien-orico-sa2011-gy-p10814737.html
107,Orico SA1810.GY (B),Orico,ORICO-SA1810.GY,1.22555E+12,8.42216E+12,1,https://tiki.vn/tui-bao-ve-dien-thoai-phu-kien-orico-sa1810-gy-p10814521.html
108,Orico DHTV-C20 (B),Orico,ORICO-DHTV-C20,5.46794E+12,1.35662E+12,1,https://tiki.vn/bo-chuyen-hdmi-sang-vga-orico-dhtv-c20-hang-chinh-hang-p311751.html
109,Orico H7013-U3-AD (B),Orico,ORICO-H7013-U3-AD-B,9.59806E+12,3.92565E+12,1,https://tiki.vn/hub-usb-3-0-orico-7-cong-h7013-u3-ad-p311944.html
110,Orico PUG-C6-200,Orico,PUG-C6-200,6.38416E+12,8.33726E+12,1,https://tiki.vn/cap-mang-cat-6-orico-pug-c6-hang-phan-phoi-chinh-thuc-p10765817.html?spid=10765821
111,Orico PUG-C6-100,Orico,PUG-C6-100,5.25639E+12,5.2299E+12,1,https://tiki.vn/cap-mang-cat-6-orico-pug-c6-hang-phan-phoi-chinh-thuc-p10765817.html?spid=10765819
112,Orico CHK-4U (W),Orico,ORICO-CHK-4U-WH-W,9.40315E+12,8.62694E+12,1,https://tiki.vn/sac-dien-thoai-usb-4-cong-2-4a-orico-chk-4u-wh-p10523669.html
113,Orico PHP35-V1 (O),Orico,ORICO-PHP35-V1-O,6.94885E+12,9.32334E+12,1,https://tiki.vn/bao-bao-ve-o-cung-2-5-ssd-hdd-orico-php35-v1-p10541121.html?spid=10568782
114,Orico PHP35-V1 (Bl),Orico,ORICO-PHP35-V1-BL,4.44733E+12,3.27413E+12,1,https://tiki.vn/bao-bao-ve-o-cung-2-5-ssd-hdd-orico-php35-v1-p10541121.html?spid=10568780
115,Orico PHP35-V1 (Gr),Orico,ORICO-PHP35-V1-GR,9.13934E+12,6.69561E+12,1,https://tiki.vn/bao-bao-ve-o-cung-2-5-ssd-hdd-orico-php35-v1-p10541121.html?spid=10568778
116,Orico PHP35-V1 (Pi),Orico,ORICO-PHP35-V1-PI,9.93502E+12,9.40307E+12,1,https://tiki.vn/bao-bao-ve-o-cung-2-5-ssd-hdd-orico-php35-v1-p10541121.html?spid=10568776
117,Orico ST3-BK,Orico,ORICO-ST3-BK,7.03424E+12,5.05379E+12,1,https://tiki.vn/bo-cong-cu-vit-da-nang-orico-st3-bk-p10563544.html
118,Orico UCL-2U,Orico,ORICO-UCL-2U,9.56237E+12,1.3699E+12,1,https://tiki.vn/sac-xe-hoi-orico-ucl-2u-2-cong-usb-p311579.html
119,Orico UCH-Q3 (W),Orico,ORICO-UCH-Q3-W,8.09072E+12,1.36009E+12,1,https://tiki.vn/sac-xe-hoi-orico-uch-q3-3-cong-usb-p311552.html?spid=10562181
120,Orico UCH-Q3 (B),Orico,ORICO-UCH-Q3-B,3.08105E+12,1.3645E+12,1,https://tiki.vn/sac-xe-hoi-orico-uch-q3-3-cong-usb-p311552.html?spid=10562050
121,Orico UCM-2U (S),Orico,ORICO-UCM-2U-S,5.30686E+12,1.36761E+12,1,https://tiki.vn/sac-xe-hoi-orico-ucm-2u-2-cong-usb-p311534.html?spid=10562049
122,Orico UCM-2U (Go),Orico,ORICO-UCM-2U-GO,2.96898E+12,1.36932E+12,1,https://tiki.vn/sac-xe-hoi-orico-ucm-2u-2-cong-usb-p311534.html?spid=10561930
123,Orico DUB-12P (B),Orico,ORICO-DUB-12P-B,8.0709E+12,1.36849E+12,1,https://tiki.vn/sac-dien-thoai-orico-usb-12-cong-2-4a-dub-12p-p575235.html?spid=10561926
124,Orico DUK-10P (W),Orico,ORICO-DUK-10P-W,8.41492E+12,1.36397E+12,1,https://tiki.vn/sac-dien-thoai-orico-usb-10-cong-2-4a-duk-10p-p575227.html?spid=10561902
125,Orico TSL-6U (W),Orico,ORICO-TSL-6U-W,5.93886E+12,1.36166E+12,1,https://tiki.vn/sac-dien-thoai-orico-usb-6-cong-typec-tsl-6u-p575212.html?spid=10561822
126,Orico QSE-6U (B),Orico,ORICO-QSE-6U-B,6.63767E+12,1.3645E+12,1,https://tiki.vn/sac-dien-thoai-orico-usb-6-cong-qse-6u-p575181.html?spid=10561626
127,Orico QSE-4U (B),Orico,ORICO-QSE-4U-BK-B,7.94779E+12,1.36544E+12,1,https://tiki.vn/sac-dien-thoai-orico-usb-4-cong-qse-4u-p311462.html?spid=10561624
128,Orico ASK-4U (W),Orico,ORICO-ASK-4U-W,8.09571E+12,1.36857E+12,1,https://tiki.vn/sac-dien-thoai-orico-usb-4-cong-2-4a-ask-4u-p575165.html?spid=10561621
129,Orico S4U (W),Orico,ORICO-S4U-W,3.80697E+12,1.36923E+12,1,https://tiki.vn/sac-dien-thoai-orico-usb-4-cong-2-4a-s4u-p311438.html?spid=10561614
130,Orico CBT-5S,Orico,ORICO-CBT-5S,9.43168E+12,9.07505E+12,1,https://tiki.vn/bo-5-day-quan-cap-da-nang-orico-cbt-5s-5-mau-p5936569.html?spid=10548026
131,Orico ST2-BK,Orico,ORICO-ST2-BK,5.9349E+12,5.94601E+12,1,https://tiki.vn/bo-tua-vit-da-nang-orico-st2-bk-dung-sua-chua-laptop-dien-thoai-hang-chinh-hang-p9935027.html?spid=10544263
132,Orico ST1-BK,Orico,ORICO-ST1-BK,8.81841E+12,1.66053E+12,1,https://tiki.vn/bo-tua-vit-da-nang-orico-st1-bk-dung-sua-chua-laptop-dien-thoai-hang-chinh-hang-p9934610.html?spid=10543551
133,Orico S4U (B),Orico,ORICO-S4U-B,9.49967E+12,1.36942E+12,1,https://tiki.vn/sac-dien-thoai-orico-usb-4-cong-2-4a-s4u-p311438.html?spid=10539393
134,Orico DCV-4U (B),Orico,ORICO-DCV-4U-B,7.86761E+12,1.36218E+12,1,https://tiki.vn/adapter-sac-dien-thoai-orico-usb-4-cong-2-4a-dcv-4u-hang-chinh-hang-p311427.html?spid=10538709
135,Orico DCV-4U (W),Orico,ORICO-DCV-4U-W,2.27342E+12,1.36202E+12,1,https://tiki.vn/adapter-sac-dien-thoai-orico-usb-4-cong-2-4a-dcv-4u-hang-chinh-hang-p311427.html?spid=10537863
136,Orico PHL-25 (B),Orico,ORICO-PHL-25,7.12815E+12,3.36192E+12,1,https://tiki.vn/hop-dung-tai-nghe-cap-sac-pin-sac-du-phong-o-cung-orico-phl-25-hang-chinh-hang-p684054.html?spid=10530588
137,Orico PHB-25 (Pi),Orico,,5.96156E+12,3.36947E+12,1,https://tiki.vn/hop-dung-tai-nghe-cap-sac-pin-sac-du-phong-o-cung-orico-phb-25-hang-chinh-hang-p311969.html?spid=10529302
138,Orico PHB-25 (Bl),Orico,,3.75985E+12,3.36941E+12,1,https://tiki.vn/hop-dung-tai-nghe-cap-sac-pin-sac-du-phong-o-cung-orico-phb-25-hang-chinh-hang-p311969.html?spid=10528919
139,Orico PHB-25 (B),Orico,,1.3726E+12,3.36346E+12,1,https://tiki.vn/hop-dung-tai-nghe-cap-sac-pin-sac-du-phong-o-cung-orico-phb-25-hang-chinh-hang-p311969.html?spid=10528063
140,Orico DCW-4U (W),Orico,ORICO-DCW-4U-B,4.39089E+12,1.3695E+12,1,https://tiki.vn/sac-dien-thoai-orico-usb-4-cong-2-4a-dcw-4u-p311346.html?spid=10527465
141,Orico PHD-25 (R),Orico,,9.28637E+12,3.36544E+12,1,https://tiki.vn/hop-dung-tai-nghe-cap-sac-pin-sac-du-phong-o-cung-orico-phd-25-hang-chinh-hang-p311940.html?spid=10527194
142,Orico PHD-25 (G),Orico,,8.20595E+12,3.36829E+12,1,https://tiki.vn/hop-dung-tai-nghe-cap-sac-pin-sac-du-phong-o-cung-orico-phd-25-hang-chinh-hang-p311940.html?spid=10526637
143,Orico CSE-6U (B),Orico,ORICO-CSE-6U-BK-B,4.56213E+12,1.36251E+12,1,https://tiki.vn/sac-dien-thoai-orico-usb-6-cong-2-4a-cse-6u-p575051.html?spid=10526372
144,Orico PHD-25 (Pu),Orico,,9.47777E+12,3.36818E+12,1,https://tiki.vn/hop-dung-tai-nghe-cap-sac-pin-sac-du-phong-o-cung-orico-phd-25-hang-chinh-hang-p311940.html?spid=10525863
145,Orico CSE-4U (W),Orico,ORICO-CSE-4U-WH-W,1.2148E+12,1.36797E+12,1,https://tiki.vn/sac-dien-thoai-orico-usb-4-cong-2-4a-cse-4u-p575043.html?spid=10525597
146,Orico PHD-25 (Bl),Orico,,5.42659E+12,3.36069E+12,1,https://tiki.vn/hop-dung-tai-nghe-cap-sac-pin-sac-du-phong-o-cung-orico-phd-25-hang-chinh-hang-p311940.html?spid=10525154
147,Orico PHD-25 (B),Orico,,2.59436E+12,3.36001E+12,1,https://tiki.vn/hop-dung-tai-nghe-cap-sac-pin-sac-du-phong-o-cung-orico-phd-25-hang-chinh-hang-p311940.html?spid=10524123
148,Orico BTA-408 (Bl),Orico,ORICO-BTA-408-BL,7.69434E+12,1.52434E+12,1,https://tiki.vn/thiet-bi-ket-noi-bluetooth-orico-4-0-qua-usb-bta-408-p311655.html?spid=11782507
149,Orico BTA-408 (R),Orico,ORICO-BTA-408-R,6.77794E+12,1.52466E+12,1,https://tiki.vn/thiet-bi-ket-noi-bluetooth-orico-4-0-qua-usb-bta-408-p311655.html?spid=7796258
150,Orico BTA-408 (O),Orico,ORICO-BTA-408-O,3.16174E+12,1.52657E+12,1,https://tiki.vn/thiet-bi-ket-noi-bluetooth-orico-4-0-qua-usb-bta-408-p311655.html?spid=311666
151,Orico BTA-408 (Pi),Orico,ORICO-BTA-408-PI,2.2875E+12,1.52728E+12,1,https://tiki.vn/thiet-bi-ket-noi-bluetooth-orico-4-0-qua-usb-bta-408-p311655.html?spid=311665
152,Orico BTA-408 (Y),Orico,ORICO-BTA-408-Y,5.97971E+12,8.90976E+12,1,https://tiki.vn/thiet-bi-ket-noi-bluetooth-orico-4-0-qua-usb-bta-408-p311655.html?spid=7796337
153,Orico DSP-4U (W),Orico,ORICO-DSP-4U-WH-W,5.78567E+12,1.36333E+12,1,https://tiki.vn/adapter-sac-dien-thoai-orico-usb-4-cong-2-4a-universal-dsp-4u-hang-chinh-hang-p574986.html?spid=10518459
154,Orico WHA-2U (W),Orico,ORICO-WHA-2U-WH-W,4.13241E+12,5.52535E+12,1,https://tiki.vn/sac-dien-thoai-usb-2-cong-2-4a-sac-nhanh-orico-wha-2u-wh-trang-hang-chinh-hang-p9844670.html?spid=10517972
155,Orico BTA-408 (W),Orico,ORICO-BTA-408-W,1.00194E+12,6.61101E+12,1,https://tiki.vn/thiet-bi-ket-noi-bluetooth-orico-4-0-qua-usb-bta-408-p311655.html?spid=7765691
156,Orico BTA-408 (B),Orico,ORICO-BTA-408-B,1.22404E+12,1.97174E+12,1,https://tiki.vn/thiet-bi-ket-noi-bluetooth-orico-4-0-qua-usb-bta-408-p311655.html?spid=311659
157,Orico BTA-403 (R),Orico,ORICO-BTA-403-R,8.38745E+12,5.6529E+12,1,https://tiki.vn/thiet-bi-ket-noi-bluetooth-4-0-qua-usb-orico-bta-403-p7948057.html?spid=10515833
158,Orico BTA-403 (Bl),Orico,ORICO-BTA-403-BL,2.78414E+12,1.05093E+12,1,https://tiki.vn/thiet-bi-ket-noi-bluetooth-4-0-qua-usb-orico-bta-403-p7948057.html?spid=9417774
159,Orico BTA-403 (W),Orico,ORICO-BTA-403-W,4.82085E+12,5.09491E+12,1,https://tiki.vn/thiet-bi-ket-noi-bluetooth-4-0-qua-usb-orico-bta-403-p7948057.html?spid=10514806
160,Orico BTA-403 (B),Orico,ORICO-BTA-403-B,4.14538E+12,6.57953E+12,1,https://tiki.vn/thiet-bi-ket-noi-bluetooth-4-0-qua-usb-orico-bta-403-p7948057.html?spid=12127900
161,Orico RCH3A-GD (Go),Orico,ORICO-RCH3A-GD-GO,5.69254E+12,1.35889E+12,1,https://tiki.vn/bo-chuyen-doi-usb-type-c-sang-type-c-usb3-0-hdmi-orico-rch-3a-hang-chinh-hang-p1078676.html?spid=10506248
162,Orico RCR2A-GD (Go),Orico,ORICO-RCR2A-GD-GO,7.74823E+12,1.35788E+12,1,https://tiki.vn/bo-chuyen-doi-usb-type-c-sang-type-c-usb3-0-ethernet-orico-rcr-2a-hang-chinh-hang-p1078674.html?spid=10505971
163,Orico RCV-GD (Go),Orico,ORICO-RCV-GD-GO,5.08317E+12,1.35921E+12,1,https://tiki.vn/dau-chuyen-doi-type-c-sang-vga-orico-rcv-gd-hang-chinh-hang-p1036596.html?spid=10504234
164,Orico RCH-GD (Go),Orico,ORICO-RCH-GD-GO,2.01447E+12,1.35113E+12,1,https://tiki.vn/dau-chuyen-doi-type-c-sang-hdmi-orico-rch-gd-hang-chinh-hang-p1036334.html?spid=10503789
165,Orico CTM1-SV (S),Orico,ORICO-CTM1-SV-S,4.40114E+12,1.35152E+12,1,https://tiki.vn/bo-chuyen-micro-usb-type-b-sang-type-c-orico-ctm1-sv-hang-chinh-hang-p682547.html?spid=10501972
166,Orico DMP3D (W),Orico,ORICO-DMP3D,2.02027E+12,1.35413E+12,1,https://tiki.vn/bo-chuyen-display-port-sang-dvi-orico-dmp3d-hang-chinh-hang-p311742.html?spid=10490304
167,Orico DMP3V (W),Orico,ORICO-DMP3V,9.09948E+12,1.35441E+12,1,https://tiki.vn/bo-chuyen-display-port-sang-vga-orico-dmp3v-hang-chinh-hang-p311739.html?spid=10490303
168,Orico DMP3H (W),Orico,ORICO-DMP3H,7.38495E+12,1.35374E+12,1,https://tiki.vn/bo-chuyen-mini-display-port-sang-hdmi-orico-dmp3h-hang-chinh-hang-p311733.html?spid=10490298
169,Orico DU3V (B),Orico,ORICO-DU3V,8.83928E+12,1.35688E+12,1,https://tiki.vn/bo-chuyen-usb-3-0-sang-cong-vga-orico-du3v-hang-chinh-hang-p682307.html?spid=10490285
170,Orico UTJ-U2 (B),Orico,ORICO-UTJ-U2,5.57627E+12,8.72603E+12,1,https://tiki.vn/bo-chuyen-usb-2-0-sang-cong-lan-orico-utj-u2-usb-to-lan-hang-chinh-hang-p9358144.html?spid=10490284
171,Orico UTJ-U3 (B),Orico,ORICO-UTJ-U3,5.50728E+12,7.5062E+12,1,https://tiki.vn/bo-chuyen-usb-3-0-sang-cong-lan-giga-orico-utj-u3-hang-chinh-hang-p682191.html?spid=10490257
172,Orico UTS-12 (B),Orico,,8.81621E+12,5.96713E+12,1,https://tiki.vn/cap-sac-dien-thoai-3-trong-1-lightning-type-c-micro-b-usb-2-0-mau-ngau-nhien-p9359889.html?spid=10411773
173,Orico UTS-12 (Bl),Orico,,7.78553E+12,5.96713E+12,1,https://tiki.vn/cap-sac-dien-thoai-3-trong-1-lightning-type-c-micro-b-usb-2-0-mau-ngau-nhien-p9359889.html?spid=10411770
174,Orico HCU-10 (Y),Orico,ORICO-HCU-10-Y,9.86397E+12,1.3589E+12,1,https://tiki.vn/cap-sac-type-c-2-0-orico-hcu-10-1m-hang-chinh-hang-p683902.html?spid=10411754
175,Orico UTS-12 (Bl),Orico,ORICO-UTS-12-BL,5.39121E+12,5.96713E+12,1,https://tiki.vn/cap-sac-dien-thoai-3-trong-1-lightning-type-c-micro-b-usb-2-0-mau-ngau-nhien-p9359889.html?spid=10411753
176,Orico HCU-10 (Pi),Orico,ORICO-HCU-10-PI,1.7864E+12,1.354E+12,1,https://tiki.vn/cap-sac-type-c-2-0-orico-hcu-10-1m-hang-chinh-hang-p683902.html?spid=10411752
177,Orico PUG-C6-20,Orico,ORICO-PUG-C6-20,4.65071E+12,7.44729E+12,1,https://tiki.vn/day-cap-mang-orico-pug-c6-20-cat6-2m-hang-chinh-hang-p1821405.html?spid=10411749
178,Orico HCU-10 (Gr),Orico,ORICO-HCU-10-GR,4.1682E+12,1.35396E+12,1,https://tiki.vn/cap-sac-type-c-2-0-orico-hcu-10-1m-hang-chinh-hang-p683902.html?spid=10411744
179,Orico PUG-C6-30,Orico,ORICO-PUG-C6-30,3.64333E+12,3.49872E+12,1,https://tiki.vn/day-cap-mang-orico-pug-c6-30-cat6-3m-hang-chinh-hang-p1822173.html?spid=10411737
180,Orico HCU-10 (W),Orico,ORICO-HCU-10-W,4.18054E+12,1.35268E+12,1,https://tiki.vn/cap-sac-type-c-2-0-orico-hcu-10-1m-hang-chinh-hang-p683902.html?spid=10411714
181,Orico PUG-C6-50,Orico,ORICO-PUG-C6-50,2.11702E+12,8.96064E+12,1,https://tiki.vn/day-cap-mang-orico-pug-c6-50-cat6-5m-hang-chinh-hang-p1822397.html?spid=10411702
182,Orico PUG-C6-100,Orico,ORICO-PUG-C6-100,8.61395E+12,4.48456E+12,1,https://tiki.vn/day-cap-mang-orico-pug-c6-100-cat6-10m-hang-phan-phoi-chinh-thuc-p1822419.html?spid=10411645
183,Orico ECU-10 (B),Orico,ORICO-ECU-10,4.88054E+12,1.35758E+12,1,https://tiki.vn/cap-sac-type-c-2-0-orico-ecu-10-1m-hang-chinh-hang-p683758.html?spid=10411633
184,Orico PUG-C6-150,Orico,ORICO-PUG-C6-150,3.50889E+12,2.66113E+12,1,https://tiki.vn/day-cap-mang-orico-pug-c6-150-cat6-15m-hang-chinh-hang-p1822435.html?spid=10411619
185,Orico PUG-C6-200,Orico,ORICO-PUG-C6-200,6.24129E+12,6.14863E+12,1,https://tiki.vn/day-cap-mang-orico-pug-c6-200-cat6-20m-hang-phan-phoi-chinh-thuc-p1822445.html?spid=10411569
186,Orico PUG-C6-300,Orico,,1.32984E+12,7.262E+12,1,https://tiki.vn/cap-mang-cat-6-dai-30m-orico-pug-c6-300-p10411522.html?spid=10411523
187,Orico ADC-10-V2 (B),Orico,ORICO-ADC-10-V2-B,3.13994E+12,1.35987E+12,1,https://tiki.vn/cap-sac-micro-usb-orico-adc-10-v2-1m-hang-chinh-hang-p683575.html?spid=10411521
188,Orico ADC-10-V2 (W),Orico,ORICO-ADC-10-V2-W,5.39822E+12,1.35844E+12,1,https://tiki.vn/cap-sac-micro-usb-orico-adc-10-v2-1m-hang-chinh-hang-p683575.html?spid=10411509
189,Orico IDC-10,Orico,ORICO-IDC-10,2.59814E+12,1.35679E+12,1,https://tiki.vn/cap-sac-lightning-orico-idc-10-1m-hang-chinh-hang-p683490.html?spid=10411391
190,Orico LTF-10 (Go),Orico,ORICOLTF-10,8.72028E+12,1.35398E+12,1,https://tiki.vn/cap-sac-lightning-orico-ltf-10-1m-hang-chinh-hang-p683416.html?spid=10411295
191,Orico PUG-C7-50,Orico,ORICO-PUG-C7-50,7.37349E+12,6.31392E+12,1,https://tiki.vn/day-cap-mang-orico-cat7-pug-c7-50-bk-den-5m-hang-chinh-hang-p4027551.html?spid=10411280
192,Orico LTF-10 (S),Orico,ORICO-LTF-10-GO,4.22775E+12,1.35846E+12,1,https://tiki.vn/cap-sac-lightning-orico-ltf-10-1m-hang-chinh-hang-p683416.html?spid=10411279
193,Orico PUG-C7-80,Orico,ORICO-PUG-C7-80,4.53371E+12,9.99835E+12,1,https://tiki.vn/day-cap-mang-orico-cat7-pug-c7-80-bk-den-8m-hang-chinh-hang-p4027553.html?spid=10411278
194,Orico PUG-C7-100,Orico,ORICO-PUG-C7-100,3.95198E+12,4.92553E+12,1,https://tiki.vn/day-cap-mang-orico-cat7-pug-c7-100-bk-den-10m-hang-chinh-hang-p4027555.html?spid=10411265
195,Orico PUG-C7-150,Orico,ORICO-PUG-C7-150,4.41138E+12,1.00925E+12,1,https://tiki.vn/day-cap-mang-orico-cat7-pug-c7-150-bk-den-15m-hang-chinh-hang-p4027557.html?spid=10411261
196,Orico PUG-C7-200,Orico,ORICO-PUG-C7-200,1.23124E+12,4.74988E+12,1,https://tiki.vn/day-cap-mang-orico-cat7-pug-c7-200-bk-den-20m-hang-chinh-hang-p4027559.html?spid=10411239
197,Orico HM14-80-BK,Orico,ORICO-HM14-80-BK,2.46906E+12,8.87068E+12,1,https://tiki.vn/cap-noi-dai-hdmi-ver1-4-orico-hm14-80-bk-8m-hang-chinh-hang-p1543835.html?spid=10411236
198,Orico PUG-C7-300,Orico,ORICO-PUG-C7-300,9.89312E+12,6.23977E+12,1,https://tiki.vn/day-cap-mang-orico-cat7-pug-c7-300-bk-den-30m-hang-chinh-hang-p4027561.html?spid=10411185
199,Orico HM14-40-BK,Orico,ORICO-HM14-40-BK,7.00213E+12,2.9377E+12,1,https://tiki.vn/cap-noi-dai-hdmi-ver1-4-orico-hm14-40-bk-4m-hang-chinh-hang-p1543365.html?spid=10411178
200,Orico HM14-15-BK,Orico,ORICO-HM14-15-BK,5.80212E+12,1.35843E+12,1,https://tiki.vn/cap-noi-hdmi-orico-hm14-15-bk-1-5m-hang-chinh-hang-p682656.html?spid=10411176
201,Orico HD303-30-BK,Orico,ORICO-HD303-30-BK,1.54925E+12,5.83417E+12,1,https://tiki.vn/cap-noi-dai-hdmi-chuan-2-0-orico-hd303-30-bk-chieu-dai-3m-hang-chinh-hang-mau-den-p6327465.html?spid=10410957
202,Orico HD303-20-BK,Orico,ORICO-HD303-20-BK,3.93425E+12,9.42784E+12,1,https://tiki.vn/cap-noi-dai-hdmi-chuan-2-0-orico-hd303-20-bk-chieu-dai-2m-hang-chinh-hang-mau-den-p6184675.html?spid=10410944
203,Orico HD303-15-BK,Orico,ORICO-HD303-15-BK,6.47172E+12,4.65973E+12,1,https://tiki.vn/cap-noi-dai-hdmi-chuan-2-0-orico-hd303-15-bk-chieu-dai-1-5m-hang-chinh-hang-mau-den-p6184371.html?spid=10410936
204,Orico K10000 (B),Orico,ORICO-K10000-B,9.71186E+12,7.68705E+12,1,https://tiki.vn/pin-sac-du-phong-orico-k10000-10-000-mah-qc3-0-type-c-hang-chinh-hang-p1826263.html?spid=11908868
205,Orico K10000 (W),Orico,ORICO-K10000-W,2.09793E+12,8.63783E+12,1,https://tiki.vn/pin-sac-du-phong-orico-k10000-10-000-mah-qc3-0-type-c-hang-chinh-hang-p1826263.html?spid=10410632
206,Orico LD100 (W),Orico,ORICO-LD100-W,4.53559E+12,1.44867E+12,1,https://tiki.vn/pin-sac-du-phong-orico-10000mah-ld100-hang-chinh-hang-p860096.html?spid=864282
207,Orico LD100 (Pi),Orico,ORICO-LD100-PI,7.05161E+12,1.44149E+12,1,https://tiki.vn/pin-sac-du-phong-orico-10000mah-ld100-hang-chinh-hang-p860096.html?spid=10410598
208,Orico LD100 (Br),Orico,ORICO-LD100-BR,7.92422E+12,1.44472E+12,1,https://tiki.vn/pin-sac-du-phong-orico-10000mah-ld100-hang-chinh-hang-p860096.html?spid=11908864
209,Orico HD303-10-BK,Orico,ORICO-HD303-10-BK,4.11352E+12,3.12262E+12,1,https://tiki.vn/cap-noi-dai-hdmi-chuan-2-0-orico-hd303-10-bk-chieu-dai-1m-hang-chinh-hang-mau-den-p5948007.html?spid=10410469
210,Orico CER3-15,Orico,ORICO-CER3-15,9.64636E+12,2.86408E+12,1,https://tiki.vn/cap-noi-chuan-usb-3-0-sang-usb-3-0-orico-cer3-15-dai-1-5m-p9266173.html?spid=10410461
211,Orico LX12500 (B),Orico,ORICO-LX12500,5.5794E+12,1.44972E+12,1,https://tiki.vn/pin-sac-du-phong-orico-12500-mah-x12500-hang-chinh-hang-p860880.html?spid=10410445
212,Orico LE12000 (W),Orico,ORICO-LE12000,7.65018E+12,1.44009E+12,1,https://tiki.vn/pin-sac-du-phong-orico-12000mah-le12000-hang-chinh-hang-p860206.html?spid=10410434
213,Orico W5PH4-U3 (B),Orico,ORICO-W5PH4-U3,4.30448E+12,9.23908E+12,1,https://tiki.vn/hub-usb-3-0-orico-w5ph4-u3-4-cong-hang-chinh-hang-p1939675.html?spid=10408426
214,Orico W6PH4 (B),Orico,ORICO-W6PH4,1.7397E+12,3.92037E+12,1,https://tiki.vn/hub-usb-3-0-orico-4-cong-w6ph4-p575557.html?spid=10408363
215,Orico W8PH4 (B),Orico,ORICO-W8PH4,5.6824E+12,7.77214E+12,1,https://tiki.vn/hub-usb-3-0-orico-4-cong-w8ph4-hang-chinh-hang-p311933.html?spid=10407828
216,Orico W9PH4 (B),Orico,ORICO-W9PH4,9.65779E+12,3.92645E+12,1,https://tiki.vn/hub-usb-3-0-orico-4-cong-w9ph4-hang-chinh-hang-p681339.html?spid=10407646
217,Orico W5P-U3-30 (B),Orico,ORICO-W5P-U3-30,7.83459E+12,3.92638E+12,1,https://tiki.vn/hub-usb-3-0-orico-4-cong-w5p-u3-hang-chinh-hang-p745618.html?spid=10407644
218,Orico ASH7-U3 (W),Orico,ORICO-H7013-U3-AD,8.11025E+12,3.92688E+12,1,https://tiki.vn/hub-usb-3-0-orico-7-cong-ash7-u3-hang-chinh-hang-p575202.html?spid=10407473
219,Orico W5P-U2-30 (B),Orico,ORICO-W5P-U2-30,2.12269E+12,6.19122E+12,1,https://tiki.vn/bo-chia-usb-4-port-orico-w5p-u2-30-den-p7886814.html?spid=10407165
220,Orico H4013-U2-03 (Gr),Orico,ORICO-H4013-U2-03-GR,8.3161E+12,3.92333E+12,1,https://tiki.vn/hub-usb-2-0-orico-4-cong-h4013-u2-03-p311851.html?spid=10406978
221,Orico H4013-U2-03 (W),Orico,ORICO-H4013-U2-03-W,4.76009E+12,3.92343E+12,1,https://tiki.vn/hub-usb-2-0-orico-4-cong-h4013-u2-03-p311851.html?spid=10406901
222,Orico H4013-U2-03 (B),Orico,ORICO-H4013-U2-03-B,5.69666E+12,3.92159E+12,1,https://tiki.vn/hub-usb-2-0-orico-4-cong-h4013-u2-03-p311851.html?spid=10406898
223,Orico M3H4-V1 (W),Orico,ORICO-M3H4-V1,8.13273E+12,3.92415E+12,1,https://tiki.vn/hub-usb-3-0-orico-4-cong-m3h4-v1-hang-chinh-hang-p575604.html?spid=10406868
224,Orico M3H7-V1 (W),Orico,ORICO-M3H7-V1,4.39395E+12,9.83467E+12,1,https://tiki.vn/bo-chia-hub-usb-3-0-orico-m3h7-v1-7-cong-p311549.html?spid=10406667
225,Orico AS7C2 (B),Orico,ORICO-AS7C2,4.92382E+12,8.91265E+12,1,https://tiki.vn/bo-chia-hub-usb-3-0-orico-as7c2-7-cong-p311594.html?spid=10406604
226,Orico M4U3 (W),Orico,ORICO-M4U3,3.43621E+12,3.92164E+12,1,https://tiki.vn/hub-usb-3-0-orico-4-cong-m4u3-hang-chinh-hang-p575383.html?spid=10406518
227,Orico ARH4-U3 (S),Orico,ORICO-ARH4-U3,9.81679E+12,7.53981E+12,1,https://tiki.vn/bo-chia-usb-hub-4-cong-orico-arh4-u3-usb-3-0-type-c-hang-chinh-hang-p9934338.html?spid=10406465
228,Orico ASH7-U3 (W),Orico,ORICO-ASH7-U3,6.2978E+12,5.18574E+12,1,https://tiki.vn/bo-chia-usb-hub-7-cong-usb-3-0-type-c-orico-ash7-u3-hang-chinh-hang-p9934291.html?spid=10406448
229,Orico ASH4-U3 (W),Orico,ORICO-ASH4-U3,3.01917E+12,5.86529E+12,1,https://tiki.vn/bo-chia-usb-hub-4-cong-usb-3-0-type-c-orico-ash4-u3-hang-chinh-hang-p9934254.html?spid=10406325
230,Orico H3TS-U2 (B),Orico,ORICO-H3TS-U2,3.39426E+12,2.37079E+12,1,https://tiki.vn/bo-chia-usb-hub-3-cong-usb-2-0-tich-hop-dau-doc-the-nho-tf-sd-orcio-h3ts-u2-p7887351.html?spid=10406324
231,Orico SHC-U3 (B),Orico,ORICO-SHC-U3,5.23062E+12,3.92833E+12,1,https://tiki.vn/hub-usb-3-0-orico-4-cong-shc-u3-p311429.html?spid=10406303
232,Orico H3TS-U3 (B),Orico,ORICO-H3TS-U3,1.3129E+12,7.22358E+12,1,https://tiki.vn/bo-chia-hub-usb-3-0-type-c-orico-ch3sf-3-cong-tich-hop-dau-doc-the-nho-tf-sd-p311673.html?spid=10406231
233,Orico HR01-U3 (B),Orico,ORICO-HR01-U3,2.00428E+12,3.92225E+12,1,https://tiki.vn/hub-usb-3-0-orico-3-cong-hr01-u3-hang-chinh-hang-p681306.html?spid=10406228
234,Orico 3588US3,Orico,,1.3478E+12,3.36852E+12,1,https://tiki.vn/hop-o-cung-3-5-va-2-5-sata-3-usb-3-0-type-c-orico-3588us3-p10405785.html?spid=10405786
235,Orico TC4U-U3 (S),Orico,,9.15975E+12,2.60659E+12,1,https://tiki.vn/bo-chia-4-cong-usb-3-0-orico-tc4u-u3-sv-hang-chinh-hang-p1827483.html?spid=10405735
236,Orico 3588C3,Orico,Orico-3588C3,8.98093E+12,3.36868E+12,1,https://tiki.vn/hdd-box-orico-usbtypec-3-5-2-5-3588c3-p575502.html?spid=10405708
237,Orico 6218US3,Orico,,9.82316E+12,3.36491E+12,1,https://tiki.vn/de-o-cung-docking-1-khe-cam-3-5-va-2-5-sata-3-usb-3-0-orico-6218us3-p9308646.html?spid=10405551
238,Orico 6228US3-C,Orico,,6.50866E+12,3.36902E+12,1,https://tiki.vn/de-cam-o-cung-2-cong-orico-6228us3-dock-o-cung-2-5-3-5-hang-chinh-hang-p9317939.html?spid=10405520
239,Orico 35UTS,Orico,ORICO-35UTS,1.77876E+12,6.6156E+12,1,https://tiki.vn/dau-doc-du-lieu-o-cung-3-5-va-2-5-sata-3-usb-3-0-orico-35uts-p3777689.html?spid=10405436
240,Orico 3139U3,Orico,Orico-3139U3,3.07224E+12,6.20536E+12,1,https://tiki.vn/hop-dung-o-cung-di-dong-hdd-box-3-5-inch-orico-3139u3-hang-chinh-hang-p1036160.html?spid=10405391
241,Orico 6518US3,Orico,,5.55319E+12,3.36147E+12,1,https://tiki.vn/de-cam-o-cung-orico-6518us3-sata-3-usb-3-0-den-p9355285.html?spid=10405379
242,Orico 2789U3,Orico,ORICO-2789U3,3.25398E+12,8.05392E+12,1,https://tiki.vn/hop-dung-o-cung-2-5-inch-ssd-hdd-sata-3-usb-3-0-orico-2789u3-ngau-nhien-hang-chinh-hang-p9462161.html?spid=10405378
243,Orico 2577U3,Orico,ORICO-2577U3,2.90531E+12,5.78285E+12,1,https://tiki.vn/o-cung-hdd-box-orico-usb3-0-2-5-2577u3-hang-chinh-hang-p3831591.html?spid=10405346
244,Orico 2588US3 (B),Orico,,7.96728E+12,3.36608E+12,1,https://tiki.vn/hop-dung-o-cung-2-5-ssd-hdd-sata-usb-3-0-orico-2588us3-hang-chinh-hang-p9742108.html?spid=9742116
245,Orico 6638US3-C,Orico,ORICO-6638US3-C,9.04456E+12,3.36108E+12,1,https://tiki.vn/hdd-box-orico-usb3-0-3-5-2-5-6638us3-c-p575554.html?spid=10405332
246,Orico 6648US3-C,Orico,,8.10098E+12,3.36604E+12,1,https://tiki.vn/de-o-cung-docking-4-khe-cam-3-5-va-2-5-sata-3-usb-3-0-orico-6648us3-c-p10405324.html?spid=10405325
247,Orico 2569S3-V1 (S),Orico,Orico-2569S3-V1,1.69608E+12,6.50503E+12,1,https://tiki.vn/hop-o-cung-2-5-ssd-hdd-sata-3-usb-3-0-orico-2569s3-v1-p9416457.html?spid=10405322
248,Orico 2538U3,Orico,Orico-2538U3,1.79979E+12,6.22244E+12,1,https://tiki.vn/box-dung-o-cung-2-5-orico-2538u3-cong-usb-3-0-hang-chinh-hang-p9461729.html?spid=10405302
249,Orico 2538C3,Orico,,6.91643E+12,4.37671E+12,1,https://tiki.vn/hop-dung-o-cung-2-5-inch-ssd-hdd-sata-3-usb-3-0-type-c-orico-2538c3-hang-chinh-hang-p9461440.html?spid=10405300
250,Orico WS200RU3,Orico,ORICO-WS200RU3,2.2188E+12,7.27587E+12,1,https://tiki.vn/hop-dung-o-cung-hdd-2-khay-orico-3-5-usb-3-0-ws200ru3-eu-sv-bac-hang-chinh-hang-p6568741.html?spid=10405299
251,Orico WS500RU3,Orico,,3.53062E+12,8.52815E+12,1,https://tiki.vn/hop-dung-o-cung-hdd-5-khay-orico-3-5-usb-3-0-ws500ru3-eu-sv-bac-hang-chinh-hang-p6568775.html?spid=10405298
252,Orico 1106SS,Orico,,6.78932E+12,4.46889E+12,1,https://tiki.vn/khay-o-cung-pc-orico-caddy-bay-3-5-sata-1-2-3-1106ss-p9286903.html?spid=10405295
253,Orico 2139U3,Orico,ORICO-2139U3,4.7884E+12,3.36425E+12,1,https://tiki.vn/hop-dung-o-cung-di-dong-hdd-box-2-5-orico-2139u3-usb3-0-2-5-nhua-trong-suot-hang-chinh-hang-p575388.html?spid=10405292
254,Orico L127SS,Orico,,3.44286E+12,3.36588E+12,1,https://tiki.vn/khay-o-cung-laptop-caddy-bay-2-5-sata-1-2-3-orico-l127ss-p8521806.html?spid=10405291
255,Orico L95SS,Orico,,5.61869E+12,3.36931E+12,1,https://tiki.vn/khay-o-cung-laptop-caddy-bay-2-5-sata-1-2-3-orico-l95ss-p8556786.html?spid=10405289
256,Orico 2189U3,Orico,,8.09299E+12,3.36074E+12,1,https://tiki.vn/hop-o-cung-2-5-ssd-hdd-sata-3-usb-3-0-orico-2189u3-p9285909.html?spid=10405288
257,Orico MSA-U3,Orico,Orico-MSA-U3,5.14817E+12,9.56899E+12,1,https://tiki.vn/hop-dung-o-cung-2-5-inch-msata3-ssd-usb-3-0-orico-msa-u3-hang-chinh-hang-p9460403.html?spid=10405278
258,Orico 1106SS,Orico,,6.17239E+12,4.46889E+12,1,https://tiki.vn/hotswap-cho-may-tinh-de-ban-orico-1106ss-den-hang-phan-phoi-chinh-hang-p9489025.html?spid=10401972
259,Orico L127SS,Orico,,2.54726E+12,3.36588E+12,1,https://tiki.vn/khay-o-cung-laptop-caddy-bay-2-5-sata-1-2-3-orico-l127ss-p10401808.html?spid=10401809
260,Orico L95SS,Orico,,6.06624E+12,3.36931E+12,1,https://tiki.vn/khay-o-cung-laptop-caddy-bay-2-5-sata-1-2-3-orico-l95ss-p10401617.html?spid=10401618
